priority,kind,slug,title_public,slug_path,html_status,pdf_status,html_units,pdf_pages,expected_pdf_pages,image_refs,data_assets,missing_images_count,unknown_data_assets_count,notion_meta,last_modified,local_state,issues,html_url,pdf_url
P3,decks,abyss-betablocker-mi,"심근경색 후 베타차단제, 계속 vs 중단 — ABYSS 연구",decks/cardio/abyss-betablocker-mi/,200,200,12,12,12,16,0,0,0,ok,2026-06-13,clean,,https://gwanggyo-barun.github.io/patient-education/decks/cardio/abyss-betablocker-mi/,https://gwanggyo-barun.github.io/patient-education/output/decks/abyss-betablocker-mi.pdf
P3,decks,antihypertensive-classes,항고혈압제 클래스별 효력순위,decks/cardio/antihypertensive-classes/,200,200,12,12,12,16,0,0,0,ok,2026-06-13,clean,,https://gwanggyo-barun.github.io/patient-education/decks/cardio/antihypertensive-classes/,https://gwanggyo-barun.github.io/patient-education/output/decks/antihypertensive-classes.pdf
P3,decks,chest-pain,흉통 환자교육,decks/cardio/chest-pain/,200,200,12,12,12,16,0,0,0,ok,2026-06-13,clean,,https://gwanggyo-barun.github.io/patient-education/decks/cardio/chest-pain/,https://gwanggyo-barun.github.io/patient-education/output/decks/chest-pain.pdf
P3,decks,eye-cardiovascular,닥터눈,decks/cardio/eye-cardiovascular/,200,200,12,12,12,16,0,0,0,ok,2026-06-13,clean,,https://gwanggyo-barun.github.io/patient-education/decks/cardio/eye-cardiovascular/,https://gwanggyo-barun.github.io/patient-education/output/decks/eye-cardiovascular.pdf
P3,decks,htn-2025-aha-acc,2025 AHA/ACC 고혈압 가이드라인 — 목표 <130/80,decks/cardio/htn-2025-aha-acc/,200,200,12,12,12,16,0,0,0,ok,2026-06-14,clean,,https://gwanggyo-barun.github.io/patient-education/decks/cardio/htn-2025-aha-acc/,https://gwanggyo-barun.github.io/patient-education/output/decks/htn-2025-aha-acc.pdf
P3,decks,morning-htn,아침 고혈압 환자 교육,decks/cardio/htn/morning/,200,200,16,16,16,20,0,0,0,ok,2026-06-13,clean,,https://gwanggyo-barun.github.io/patient-education/decks/cardio/htn/morning/,https://gwanggyo-barun.github.io/patient-education/output/decks/morning-htn.pdf
P3,decks,oh-management-2026,기립성 저혈압 관리 — JAMA 2026 리뷰,decks/cardio/orthostatic-hypotension/management-2026/,200,200,12,12,12,16,0,0,0,ok,2026-06-13,clean,,https://gwanggyo-barun.github.io/patient-education/decks/cardio/orthostatic-hypotension/management-2026/,https://gwanggyo-barun.github.io/patient-education/output/decks/oh-management-2026.pdf
P3,decks,vasovagal-syncope,미주신경성 실신,decks/cardio/vasovagal-syncope/,200,200,12,12,12,16,0,0,0,ok,2026-06-13,clean,,https://gwanggyo-barun.github.io/patient-education/decks/cardio/vasovagal-syncope/,https://gwanggyo-barun.github.io/patient-education/output/decks/vasovagal-syncope.pdf
P3,decks,chronic-urticaria,만성두드러기 교육자료,decks/derm/chronic-urticaria/,200,200,12,12,12,16,0,0,0,ok,2026-06-13,clean,,https://gwanggyo-barun.github.io/patient-education/decks/derm/chronic-urticaria/,https://gwanggyo-barun.github.io/patient-education/output/decks/chronic-urticaria.pdf
P3,decks,endoscopy-cpr-training,내시경실 심정지 응급 대응 직원 교육,decks/emergency/endoscopy/cpr-training/,200,200,12,12,12,16,0,0,0,ok,2026-06-13,clean,,https://gwanggyo-barun.github.io/patient-education/decks/emergency/endoscopy/cpr-training/,https://gwanggyo-barun.github.io/patient-education/output/decks/endoscopy-cpr-training.pdf
P3,decks,achieve3-oral-glp1,ACHIEVE-3 — 먹는 GLP-1 직접비교 (오포글리프론 vs 세마글루타이드),decks/endocrine/achieve3-oral-glp1/,200,200,12,12,12,19,3,0,0,ok,2026-06-07,clean,,https://gwanggyo-barun.github.io/patient-education/decks/endocrine/achieve3-oral-glp1/,https://gwanggyo-barun.github.io/patient-education/output/decks/achieve3-oral-glp1.pdf
P3,decks,advanced-lipid-biomarkers,고급 지질 바이오마커 환자교육,decks/endocrine/advanced-lipid-biomarkers/,200,200,11,11,11,14,0,0,0,ok,2026-06-13,clean,,https://gwanggyo-barun.github.io/patient-education/decks/endocrine/advanced-lipid-biomarkers/,https://gwanggyo-barun.github.io/patient-education/output/decks/advanced-lipid-biomarkers.pdf
P3,decks,diabetes-first-visit,당뇨 첫 외래 안내,decks/endocrine/diabetes-first-visit/,200,200,12,12,12,42,26,0,0,ok,2026-06-13,clean,,https://gwanggyo-barun.github.io/patient-education/decks/endocrine/diabetes-first-visit/,https://gwanggyo-barun.github.io/patient-education/output/decks/diabetes-first-visit.pdf
P3,decks,diabetes-mellitus-type2,제2형 당뇨병 환자 교육,decks/endocrine/diabetes-mellitus-type2/,200,200,12,12,12,16,0,0,0,ok,2026-06-13,clean,,https://gwanggyo-barun.github.io/patient-education/decks/endocrine/diabetes-mellitus-type2/,https://gwanggyo-barun.github.io/patient-education/output/decks/diabetes-mellitus-type2.pdf
P3,decks,dyslipidemia,진료설명 — 고지혈증,decks/endocrine/dyslipidemia/,200,200,12,12,12,16,0,0,0,ok,2026-06-13,clean,,https://gwanggyo-barun.github.io/patient-education/decks/endocrine/dyslipidemia/,https://gwanggyo-barun.github.io/patient-education/output/decks/dyslipidemia.pdf
P3,decks,glp1-week-01-start,마운자로·위고비 1회차 — 치료 시작 전 이해,decks/endocrine/glp1-weight-management/week-01-start/,200,200,6,6,6,10,0,0,0,ok,2026-06-13,clean,,https://gwanggyo-barun.github.io/patient-education/decks/endocrine/glp1-weight-management/week-01-start/,https://gwanggyo-barun.github.io/patient-education/output/decks/glp1-week-01-start.pdf
P3,decks,glp1-week-02-aerobic,마운자로·위고비 2회차 — 걷기와 활동량,decks/endocrine/glp1-weight-management/week-02-aerobic/,200,200,6,6,6,10,0,0,0,ok,2026-06-13,clean,,https://gwanggyo-barun.github.io/patient-education/decks/endocrine/glp1-weight-management/week-02-aerobic/,https://gwanggyo-barun.github.io/patient-education/output/decks/glp1-week-02-aerobic.pdf
P3,decks,glp1-week-03-strength,마운자로·위고비 3회차 — 근육 보존,decks/endocrine/glp1-weight-management/week-03-strength/,200,200,6,6,6,10,0,0,0,ok,2026-06-13,clean,,https://gwanggyo-barun.github.io/patient-education/decks/endocrine/glp1-weight-management/week-03-strength/,https://gwanggyo-barun.github.io/patient-education/output/decks/glp1-week-03-strength.pdf
P3,decks,glp1-week-04-nutrition,마운자로·위고비 4회차 — 식단 기본,decks/endocrine/glp1-weight-management/week-04-nutrition/,200,200,6,6,6,10,0,0,0,ok,2026-06-13,clean,,https://gwanggyo-barun.github.io/patient-education/decks/endocrine/glp1-weight-management/week-04-nutrition/,https://gwanggyo-barun.github.io/patient-education/output/decks/glp1-week-04-nutrition.pdf
P3,decks,glp1-week-05-gi-effects,마운자로·위고비 5회차 — 위장관 부작용 줄이기,decks/endocrine/glp1-weight-management/week-05-gi-effects/,200,200,6,6,6,10,0,0,0,ok,2026-06-13,clean,,https://gwanggyo-barun.github.io/patient-education/decks/endocrine/glp1-weight-management/week-05-gi-effects/,https://gwanggyo-barun.github.io/patient-education/output/decks/glp1-week-05-gi-effects.pdf
P3,decks,glp1-week-06-injection,마운자로·위고비 6회차 — 주사·보관·놓쳤을 때,decks/endocrine/glp1-weight-management/week-06-injection/,200,200,6,6,6,10,0,0,0,ok,2026-06-13,clean,,https://gwanggyo-barun.github.io/patient-education/decks/endocrine/glp1-weight-management/week-06-injection/,https://gwanggyo-barun.github.io/patient-education/output/decks/glp1-week-06-injection.pdf
P3,decks,glp1-week-07-safety,마운자로·위고비 7회차 — 위험 신호와 진료 연락,decks/endocrine/glp1-weight-management/week-07-safety/,200,200,6,6,6,10,0,0,0,ok,2026-06-13,clean,,https://gwanggyo-barun.github.io/patient-education/decks/endocrine/glp1-weight-management/week-07-safety/,https://gwanggyo-barun.github.io/patient-education/output/decks/glp1-week-07-safety.pdf
P3,decks,glp1-week-08-maintenance,마운자로·위고비 8회차 — 감량 이후 유지 전략,decks/endocrine/glp1-weight-management/week-08-maintenance/,200,200,6,6,6,10,0,0,0,ok,2026-06-13,clean,,https://gwanggyo-barun.github.io/patient-education/decks/endocrine/glp1-weight-management/week-08-maintenance/,https://gwanggyo-barun.github.io/patient-education/output/decks/glp1-week-08-maintenance.pdf
P3,decks,gout,통풍 환자 교육,decks/endocrine/gout/,200,200,12,12,12,16,0,0,0,ok,2026-06-13,clean,,https://gwanggyo-barun.github.io/patient-education/decks/endocrine/gout/,https://gwanggyo-barun.github.io/patient-education/output/decks/gout.pdf
P3,decks,hyperthyroidism,갑상선 기능항진증,decks/endocrine/hyperthyroidism/,200,200,12,12,12,16,0,0,0,ok,2026-06-13,clean,,https://gwanggyo-barun.github.io/patient-education/decks/endocrine/hyperthyroidism/,https://gwanggyo-barun.github.io/patient-education/output/decks/hyperthyroidism.pdf
P3,decks,hypothyroidism,갑상선기능저하증 환자교육,decks/endocrine/hypothyroidism/,200,200,12,12,12,16,0,0,0,ok,2026-06-13,clean,,https://gwanggyo-barun.github.io/patient-education/decks/endocrine/hypothyroidism/,https://gwanggyo-barun.github.io/patient-education/output/decks/hypothyroidism.pdf
P3,decks,osteoporosis,골다공증 환자교육,decks/endocrine/osteoporosis/,200,200,12,12,12,16,0,0,0,ok,2026-06-13,clean,,https://gwanggyo-barun.github.io/patient-education/decks/endocrine/osteoporosis/,https://gwanggyo-barun.github.io/patient-education/output/decks/osteoporosis.pdf
P3,decks,prediabetes-remission,전당뇨 관해 — 심혈관 위험 절반으로,decks/endocrine/prediabetes-remission/,200,200,12,12,12,16,0,0,0,ok,2026-06-13,clean,,https://gwanggyo-barun.github.io/patient-education/decks/endocrine/prediabetes-remission/,https://gwanggyo-barun.github.io/patient-education/output/decks/prediabetes-remission.pdf
P3,decks,subacute-thyroiditis,진료설명 — 아급성 갑상선염,decks/endocrine/subacute-thyroiditis/,200,200,12,12,12,16,0,0,0,ok,2026-06-13,clean,,https://gwanggyo-barun.github.io/patient-education/decks/endocrine/subacute-thyroiditis/,https://gwanggyo-barun.github.io/patient-education/output/decks/subacute-thyroiditis.pdf
P3,decks,baxdrostat-baxhtn,Baxdrostat — 알도스테론 합성효소 억제제 FDA 승인 (BaxHTN),decks/general/papers-20260524/baxdrostat-baxhtn/,200,200,12,12,12,16,0,0,0,ok,2026-06-14,clean,,https://gwanggyo-barun.github.io/patient-education/decks/general/papers-20260524/baxdrostat-baxhtn/,https://gwanggyo-barun.github.io/patient-education/output/decks/baxdrostat-baxhtn.pdf
P3,decks,rsv-realworld,RSV 백신 — 실사용 근거 기반 가이드 (JAMA Internal Med),decks/general/papers-20260524/rsv-realworld/,200,200,12,12,12,16,0,0,0,ok,2026-06-14,clean,,https://gwanggyo-barun.github.io/patient-education/decks/general/papers-20260524/rsv-realworld/,https://gwanggyo-barun.github.io/patient-education/output/decks/rsv-realworld.pdf
P3,decks,sglt2-glp1-combo,SGLT-2i + GLP-1RA 병용 — 심혈관·신장 30% 개선,decks/general/papers-20260524/sglt2-glp1-combo/,200,200,12,12,12,16,0,0,0,ok,2026-06-14,clean,,https://gwanggyo-barun.github.io/patient-education/decks/general/papers-20260524/sglt2-glp1-combo/,https://gwanggyo-barun.github.io/patient-education/output/decks/sglt2-glp1-combo.pdf
P3,decks,soy-legumes-htn,콩·두류 섭취와 고혈압 — 최적 섭취량 정량화 (BMJ Nutrition),decks/general/papers-20260524/soy-legumes-htn/,200,200,12,12,12,16,0,0,0,ok,2026-06-14,clean,,https://gwanggyo-barun.github.io/patient-education/decks/general/papers-20260524/soy-legumes-htn/,https://gwanggyo-barun.github.io/patient-education/output/decks/soy-legumes-htn.pdf
P3,decks,tramadol-bmj,트라마돌 — 만성 통증 효과 미미·심혈관 위험 증가 (BMJ 메타분석),decks/general/papers-20260524/tramadol-bmj/,200,200,12,12,12,16,0,0,0,ok,2026-06-14,clean,,https://gwanggyo-barun.github.io/patient-education/decks/general/papers-20260524/tramadol-bmj/,https://gwanggyo-barun.github.io/patient-education/output/decks/tramadol-bmj.pdf
P3,decks,cpap-personalized-cv,CPAP 개인 맞춤 심혈관 효과 — Mount Sinai AI (SAVE 재분석),decks/general/papers-20260525/cpap-personalized-cv/,200,200,12,12,12,16,0,0,0,ok,2026-06-14,clean,,https://gwanggyo-barun.github.io/patient-education/decks/general/papers-20260525/cpap-personalized-cv/,https://gwanggyo-barun.github.io/patient-education/output/decks/cpap-personalized-cv.pdf
P3,decks,lp-a-cardiovascular-risk,Lp(a)와 심혈관 위험 — 보편적 1회 선별 (2026 ACC/AHA 가이드라인),decks/general/papers-20260525/lp-a-cardiovascular-risk/,200,200,13,13,13,13,0,0,0,ok,2026-06-14,clean,,https://gwanggyo-barun.github.io/patient-education/decks/general/papers-20260525/lp-a-cardiovascular-risk/,https://gwanggyo-barun.github.io/patient-education/output/decks/lp-a-cardiovascular-risk.pdf
P3,decks,once-weekly-insulin,주1회 기저인슐린 (Efsitora·Icodec) 메타분석,decks/general/papers-20260525/once-weekly-insulin/,200,200,12,12,12,16,0,0,0,ok,2026-06-14,clean,,https://gwanggyo-barun.github.io/patient-education/decks/general/papers-20260525/once-weekly-insulin/,https://gwanggyo-barun.github.io/patient-education/output/decks/once-weekly-insulin.pdf
P3,decks,surmount5-tirzepatide-vs-semaglutide,SURMOUNT-5 — 터제파타이드 vs 세마글루타이드 비만 직접 비교,decks/general/papers-20260525/surmount5-tirzepatide-vs-semaglutide/,200,200,13,13,13,13,0,0,0,ok,2026-06-14,clean,,https://gwanggyo-barun.github.io/patient-education/decks/general/papers-20260525/surmount5-tirzepatide-vs-semaglutide/,https://gwanggyo-barun.github.io/patient-education/output/decks/surmount5-tirzepatide-vs-semaglutide.pdf
P3,decks,vutrisiran-attr-cm-helios-b,Vutrisiran ATTR-CM — HELIOS-B 3상,decks/general/papers-20260525/vutrisiran-attr-cm-helios-b/,200,200,13,13,13,13,0,0,0,ok,2026-06-14,clean,,https://gwanggyo-barun.github.io/patient-education/decks/general/papers-20260525/vutrisiran-attr-cm-helios-b/,https://gwanggyo-barun.github.io/patient-education/output/decks/vutrisiran-attr-cm-helios-b.pdf
P3,decks,bepirovirsen-hbv-phase3,베피로비르센 3상 — 만성 B형간염 기능적 완치,decks/general/papers-20260528/bepirovirsen-hbv-phase3/,200,200,12,12,12,16,0,0,0,ok,2026-06-07,clean,,https://gwanggyo-barun.github.io/patient-education/decks/general/papers-20260528/bepirovirsen-hbv-phase3/,https://gwanggyo-barun.github.io/patient-education/output/decks/bepirovirsen-hbv-phase3.pdf
P3,decks,acs-crc-screening-blood-test-2026,ACS 2026 대장암 검진 가이드라인 — 혈액검사 신규 추가,decks/general/papers-20260530/acs-crc-screening-blood-test-2026/,200,200,16,16,16,20,0,0,0,ok,2026-06-06,clean,,https://gwanggyo-barun.github.io/patient-education/decks/general/papers-20260530/acs-crc-screening-blood-test-2026/,https://gwanggyo-barun.github.io/patient-education/output/decks/acs-crc-screening-blood-test-2026.pdf
P3,decks,calcium-vitamin-d-fracture-falls-bmj,BMJ 2026 칼슘·비타민 D 보충제와 골절·낙상 예방,decks/general/papers-20260530/calcium-vitamin-d-fracture-falls-bmj/,200,200,13,13,13,17,0,0,0,ok,2026-06-06,clean,,https://gwanggyo-barun.github.io/patient-education/decks/general/papers-20260530/calcium-vitamin-d-fracture-falls-bmj/,https://gwanggyo-barun.github.io/patient-education/output/decks/calcium-vitamin-d-fracture-falls-bmj.pdf
P3,decks,easo-obesity-pharmacotherapy-2026,EASO 2026 비만 약물치료 알고리즘 업데이트,decks/general/papers-20260530/easo-obesity-pharmacotherapy-2026/,200,200,13,13,13,17,0,0,0,ok,2026-06-06,clean,,https://gwanggyo-barun.github.io/patient-education/decks/general/papers-20260530/easo-obesity-pharmacotherapy-2026/,https://gwanggyo-barun.github.io/patient-education/output/decks/easo-obesity-pharmacotherapy-2026.pdf
P3,decks,finerenone-t1d-ckd-fine-one,Finerenone in Type 1 Diabetes and CKD — FINE-ONE,decks/general/papers-20260530/finerenone-t1d-ckd-fine-one/,200,200,13,13,13,17,0,0,0,ok,2026-06-07,clean,,https://gwanggyo-barun.github.io/patient-education/decks/general/papers-20260530/finerenone-t1d-ckd-fine-one/,https://gwanggyo-barun.github.io/patient-education/output/decks/finerenone-t1d-ckd-fine-one.pdf
P3,decks,t1d-glp1-cardiorenal,제1형 당뇨병 GLP-1RA — 심혈관·신장 사건 감소 (Nature Medicine 2026),decks/general/papers-20260530/t1d-glp1-cardiorenal/,200,200,12,12,12,12,0,0,0,ok,2026-06-10,clean,,https://gwanggyo-barun.github.io/patient-education/decks/general/papers-20260530/t1d-glp1-cardiorenal/,https://gwanggyo-barun.github.io/patient-education/output/decks/t1d-glp1-cardiorenal.pdf
P3,decks,teen-height-growth,중1 남학생 키 성장 영양제 가이드 — 비타민D·칼슘·아연·HT042 + 수면·운동,decks/general/teen-height-growth/,200,200,12,12,12,17,0,0,0,ok,2026-06-14,clean,,https://gwanggyo-barun.github.io/patient-education/decks/general/teen-height-growth/,https://gwanggyo-barun.github.io/patient-education/output/decks/teen-height-growth.pdf
P3,decks,acute-gastroenteritis-diet,급성장염 식이관리,decks/gi/acute-gastroenteritis-diet/,200,200,12,12,12,16,0,0,0,ok,2026-06-13,clean,,https://gwanggyo-barun.github.io/patient-education/decks/gi/acute-gastroenteritis-diet/,https://gwanggyo-barun.github.io/patient-education/output/decks/acute-gastroenteritis-diet.pdf
P3,decks,appendicitis-diverticulitis,맹장염 / 급성 게실염,decks/gi/appendicitis-diverticulitis/,200,200,12,12,12,16,0,0,0,ok,2026-06-13,clean,,https://gwanggyo-barun.github.io/patient-education/decks/gi/appendicitis-diverticulitis/,https://gwanggyo-barun.github.io/patient-education/output/decks/appendicitis-diverticulitis.pdf
P3,decks,atrophic-gastritis,위축성위염 / 장상피화생,decks/gi/atrophic-gastritis/,200,200,12,12,12,16,0,0,0,ok,2026-06-13,clean,,https://gwanggyo-barun.github.io/patient-education/decks/gi/atrophic-gastritis/,https://gwanggyo-barun.github.io/patient-education/output/decks/atrophic-gastritis.pdf
P3,decks,bowel-prep-low-volume,저용량 장정결 (1L PEG-ascorbate) — 4L PEG와 동등 이상,decks/gi/bowel-prep-low-volume/,200,200,12,12,12,16,0,0,0,ok,2026-06-13,clean,,https://gwanggyo-barun.github.io/patient-education/decks/gi/bowel-prep-low-volume/,https://gwanggyo-barun.github.io/patient-education/output/decks/bowel-prep-low-volume.pdf
P3,decks,chronic-constipation,만성변비 환자교육,decks/gi/chronic-constipation/,200,200,12,12,12,16,0,0,0,ok,2026-06-13,clean,,https://gwanggyo-barun.github.io/patient-education/decks/gi/chronic-constipation/,https://gwanggyo-barun.github.io/patient-education/output/decks/chronic-constipation.pdf
P3,decks,gerd,역류성 식도염 생활관리,decks/gi/gerd/lifestyle/,200,200,12,12,12,16,0,0,0,ok,2026-06-13,clean,,https://gwanggyo-barun.github.io/patient-education/decks/gi/gerd/lifestyle/,https://gwanggyo-barun.github.io/patient-education/output/decks/gerd.pdf
P3,decks,hpylori,헬리코박터 제균 치료 안내,decks/gi/h-pylori/eradication/,200,200,12,12,12,16,0,0,0,ok,2026-06-14,clean,,https://gwanggyo-barun.github.io/patient-education/decks/gi/h-pylori/eradication/,https://gwanggyo-barun.github.io/patient-education/output/decks/hpylori.pdf
P3,decks,hpylori-overview,진료설명 — 헬리코박터 파일로리 개요·진단 안내,decks/gi/hpylori-overview/,200,200,14,14,14,18,0,0,0,ok,2026-06-14,clean,,https://gwanggyo-barun.github.io/patient-education/decks/gi/hpylori-overview/,https://gwanggyo-barun.github.io/patient-education/output/decks/hpylori-overview.pdf
P3,decks,ibs,IBS 환자교육,decks/gi/ibs/,200,200,12,12,12,16,0,0,0,ok,2026-06-13,clean,,https://gwanggyo-barun.github.io/patient-education/decks/gi/ibs/,https://gwanggyo-barun.github.io/patient-education/output/decks/ibs.pdf
P3,decks,post-polypectomy,용종절제술 후 관리,decks/gi/post-polypectomy/,200,200,12,12,12,16,0,0,0,ok,2026-06-13,clean,,https://gwanggyo-barun.github.io/patient-education/decks/gi/post-polypectomy/,https://gwanggyo-barun.github.io/patient-education/output/decks/post-polypectomy.pdf
P3,decks,refractory-dyspepsia,내시경 정상인데 끊으면 재발하는 쓰림 — 기능성·과민성 소화불량의 이해와 관리,decks/gi/refractory-dyspepsia/,200,200,13,13,13,18,0,0,0,ok,2026-06-14,clean,,https://gwanggyo-barun.github.io/patient-education/decks/gi/refractory-dyspepsia/,https://gwanggyo-barun.github.io/patient-education/output/decks/refractory-dyspepsia.pdf
P3,decks,iron-deficiency-anemia,철결핍성 빈혈 환자 교육,decks/heme/iron-deficiency-anemia/,200,200,12,12,12,16,0,0,0,ok,2026-06-13,clean,,https://gwanggyo-barun.github.io/patient-education/decks/heme/iron-deficiency-anemia/,https://gwanggyo-barun.github.io/patient-education/output/decks/iron-deficiency-anemia.pdf
P3,decks,herpes-zoster,대상포진 환자교육,decks/infectious/herpes-zoster/,200,200,12,12,12,16,0,0,0,ok,2026-06-13,clean,,https://gwanggyo-barun.github.io/patient-education/decks/infectious/herpes-zoster/,https://gwanggyo-barun.github.io/patient-education/output/decks/herpes-zoster.pdf
P3,decks,influenza-antivirals,인플루엔자 항바이러스제 비교,decks/infectious/influenza-antivirals/,200,200,12,12,12,16,0,0,0,ok,2026-06-13,clean,,https://gwanggyo-barun.github.io/patient-education/decks/infectious/influenza-antivirals/,https://gwanggyo-barun.github.io/patient-education/output/decks/influenza-antivirals.pdf
P3,decks,ltbi-overview,잠복결핵 교육자료,decks/infectious/ltbi-overview/,200,200,12,12,12,16,0,0,0,ok,2026-06-13,clean,,https://gwanggyo-barun.github.io/patient-education/decks/infectious/ltbi-overview/,https://gwanggyo-barun.github.io/patient-education/output/decks/ltbi-overview.pdf
P3,decks,ltbi-treatment,진료설명 — 잠복결핵감염(LTBI) 치료,decks/infectious/ltbi-treatment/,200,200,12,12,12,16,0,0,0,ok,2026-06-13,clean,,https://gwanggyo-barun.github.io/patient-education/decks/infectious/ltbi-treatment/,https://gwanggyo-barun.github.io/patient-education/output/decks/ltbi-treatment.pdf
P3,decks,migraine-diagnosis,편두통 — 위장 증상에 가려진 진짜 원인,decks/neurology/migraine/diagnosis/,200,200,12,12,12,16,0,0,0,ok,2026-06-13,clean,,https://gwanggyo-barun.github.io/patient-education/decks/neurology/migraine/diagnosis/,https://gwanggyo-barun.github.io/patient-education/output/decks/migraine-diagnosis.pdf
P3,decks,asthma,천식 환자교육,decks/pulmo/asthma/,200,200,12,12,12,16,0,0,0,ok,2026-06-13,clean,,https://gwanggyo-barun.github.io/patient-education/decks/pulmo/asthma/,https://gwanggyo-barun.github.io/patient-education/output/decks/asthma.pdf
P3,decks,osa,폐쇄성 수면무호흡증 환자교육,decks/pulmo/osa/,200,200,12,12,12,16,0,0,0,ok,2026-06-13,clean,,https://gwanggyo-barun.github.io/patient-education/decks/pulmo/osa/,https://gwanggyo-barun.github.io/patient-education/output/decks/osa.pdf
P3,decks,pft-interpretation,폐기능검사 결과 해석,decks/pulmo/pft-interpretation/,200,200,12,12,12,16,0,0,0,ok,2026-06-13,clean,,https://gwanggyo-barun.github.io/patient-education/decks/pulmo/pft-interpretation/,https://gwanggyo-barun.github.io/patient-education/output/decks/pft-interpretation.pdf
P3,decks,pft,폐기능검사(PFT) 환자교육,decks/pulmo/pft/,200,200,12,12,12,16,0,0,0,ok,2026-06-13,clean,,https://gwanggyo-barun.github.io/patient-education/decks/pulmo/pft/,https://gwanggyo-barun.github.io/patient-education/output/decks/pft.pdf
P3,decks,post-infectious-cough,감염후기침 환자교육,decks/pulmo/post-infectious-cough/,200,200,12,12,12,16,0,0,0,ok,2026-06-13,clean,,https://gwanggyo-barun.github.io/patient-education/decks/pulmo/post-infectious-cough/,https://gwanggyo-barun.github.io/patient-education/output/decks/post-infectious-cough.pdf
P3,decks,microscopic-hematuria,현미경적 혈뇨,decks/uro/microscopic-hematuria/,200,200,12,12,12,16,0,0,0,ok,2026-06-13,clean,,https://gwanggyo-barun.github.io/patient-education/decks/uro/microscopic-hematuria/,https://gwanggyo-barun.github.io/patient-education/output/decks/microscopic-hematuria.pdf
P3,decks,pneumococcal-comparison,폐렴구균백신 캡박시브 비교,decks/vaccines/pneumococcal-comparison/,200,200,13,13,13,17,0,0,0,ok,2026-06-13,clean,,https://gwanggyo-barun.github.io/patient-education/decks/vaccines/pneumococcal-comparison/,https://gwanggyo-barun.github.io/patient-education/output/decks/pneumococcal-comparison.pdf
P3,decks,pneumococcal,폐렴구균 백신 환자설명,decks/vaccines/pneumococcal/,200,200,12,12,12,16,0,0,0,ok,2026-06-13,clean,,https://gwanggyo-barun.github.io/patient-education/decks/vaccines/pneumococcal/,https://gwanggyo-barun.github.io/patient-education/output/decks/pneumococcal.pdf
P3,handouts,cpr-flowchart,내시경실 Code Blue 플로우차트,handouts/emergency/cpr-flowchart/,200,200,1,1,1,2,0,0,0,ok,2026-06-14,clean,,https://gwanggyo-barun.github.io/patient-education/handouts/emergency/cpr-flowchart/,https://gwanggyo-barun.github.io/patient-education/output/handouts/cpr-flowchart.pdf
P3,handouts,crash-cart-checklist,응급카트 점검 체크리스트,handouts/emergency/crash-cart-checklist/,200,200,1,1,1,2,0,0,0,ok,2026-06-14,clean,,https://gwanggyo-barun.github.io/patient-education/handouts/emergency/crash-cart-checklist/,https://gwanggyo-barun.github.io/patient-education/output/handouts/crash-cart-checklist.pdf
P3,handouts,crash-cart-map,응급카트 약품·장비 위치 맵,handouts/emergency/crash-cart-map/,200,200,1,1,1,2,0,0,0,ok,2026-06-14,clean,,https://gwanggyo-barun.github.io/patient-education/handouts/emergency/crash-cart-map/,https://gwanggyo-barun.github.io/patient-education/output/handouts/crash-cart-map.pdf
P3,handouts,cgm-caresens365,케어센스 365 연속혈당측정 안내 — 손가락 끝 한 방울로는 보이지 않는 것들,handouts/endocrine/cgm-caresens365/,200,200,1,1,1,3,0,0,0,ok,2026-06-14,clean,,https://gwanggyo-barun.github.io/patient-education/handouts/endocrine/cgm-caresens365/,https://gwanggyo-barun.github.io/patient-education/output/handouts/cgm-caresens365.pdf
P3,handouts,fasting-glucose,아침 공복혈당이 높게 나오는 이유와 생활 관리,handouts/endocrine/fasting-glucose/,200,200,1,1,1,2,0,0,0,ok,2026-06-14,clean,,https://gwanggyo-barun.github.io/patient-education/handouts/endocrine/fasting-glucose/,https://gwanggyo-barun.github.io/patient-education/output/handouts/fasting-glucose.pdf
P3,handouts,hyperprolactinemia-protocol,프로락틴 상승 시 진료 프로토콜,handouts/endocrine/hyperprolactinemia-protocol/,200,200,1,1,1,2,0,0,0,ok,2026-06-14,clean,,https://gwanggyo-barun.github.io/patient-education/handouts/endocrine/hyperprolactinemia-protocol/,https://gwanggyo-barun.github.io/patient-education/output/handouts/hyperprolactinemia-protocol.pdf
P3,handouts,thyroid-nodule-followup,갑상선 결절 추적 안내 — K-TIRADS와 세침흡인검사 기준,handouts/endocrine/thyroid-nodule-followup/,200,200,1,1,1,5,0,0,0,ok,2026-06-14,clean,,https://gwanggyo-barun.github.io/patient-education/handouts/endocrine/thyroid-nodule-followup/,https://gwanggyo-barun.github.io/patient-education/output/handouts/thyroid-nodule-followup.pdf
P3,handouts,antithrombotic-pre-endoscopy,항혈전제 복용자 내시경 전 상담표,handouts/endoscopy/antithrombotic-pre-endoscopy/,200,200,1,1,1,2,0,0,0,ok,2026-06-14,clean,,https://gwanggyo-barun.github.io/patient-education/handouts/endoscopy/antithrombotic-pre-endoscopy/,https://gwanggyo-barun.github.io/patient-education/output/handouts/antithrombotic-pre-endoscopy.pdf
P3,handouts,colonoscopy-prep,대장내시경 준비 안내문,handouts/endoscopy/colonoscopy-prep/,200,200,1,1,1,4,0,0,0,ok,2026-06-14,clean,,https://gwanggyo-barun.github.io/patient-education/handouts/endoscopy/colonoscopy-prep/,https://gwanggyo-barun.github.io/patient-education/output/handouts/colonoscopy-prep.pdf
P3,handouts,egd-prep,위내시경(EGD) 검사 준비 안내문,handouts/endoscopy/egd-prep/,200,200,1,1,1,4,0,0,0,ok,2026-06-14,clean,,https://gwanggyo-barun.github.io/patient-education/handouts/endoscopy/egd-prep/,https://gwanggyo-barun.github.io/patient-education/output/handouts/egd-prep.pdf
P3,handouts,glp1ra-pre-procedure,위고비·마운자로 사용 환자의 내시경·초음파 검사 안내,handouts/endoscopy/glp1ra-pre-procedure/,200,200,1,1,1,2,0,0,0,ok,2026-06-14,clean,,https://gwanggyo-barun.github.io/patient-education/handouts/endoscopy/glp1ra-pre-procedure/,https://gwanggyo-barun.github.io/patient-education/output/handouts/glp1ra-pre-procedure.pdf
P3,handouts,post-colonoscopy-clean,대장내시경 후 주의사항 (용종 없음·절제 없음),handouts/endoscopy/post-colonoscopy-clean/,200,200,1,1,1,2,0,0,0,ok,2026-06-14,clean,,https://gwanggyo-barun.github.io/patient-education/handouts/endoscopy/post-colonoscopy-clean/,https://gwanggyo-barun.github.io/patient-education/output/handouts/post-colonoscopy-clean.pdf
P3,handouts,post-colonoscopy,대장내시경 후 주의사항,handouts/endoscopy/post-colonoscopy/,200,200,1,1,1,2,0,0,0,disabled,2026-06-14,clean,,https://gwanggyo-barun.github.io/patient-education/handouts/endoscopy/post-colonoscopy/,https://gwanggyo-barun.github.io/patient-education/output/handouts/post-colonoscopy.pdf
P3,handouts,post-egd-biopsy,위내시경 후 주의사항 (조직검사·CLO 검사),handouts/endoscopy/post-egd-biopsy/,200,200,1,1,1,2,0,0,0,ok,2026-06-14,clean,,https://gwanggyo-barun.github.io/patient-education/handouts/endoscopy/post-egd-biopsy/,https://gwanggyo-barun.github.io/patient-education/output/handouts/post-egd-biopsy.pdf
P3,handouts,post-egd-clean,위내시경 후 주의사항 (조직검사 없음),handouts/endoscopy/post-egd-clean/,200,200,1,1,1,2,0,0,0,ok,2026-06-14,clean,,https://gwanggyo-barun.github.io/patient-education/handouts/endoscopy/post-egd-clean/,https://gwanggyo-barun.github.io/patient-education/output/handouts/post-egd-clean.pdf
P3,handouts,post-egd,위내시경 후 주의사항,handouts/endoscopy/post-egd/,200,200,1,1,1,2,0,0,0,disabled,2026-06-14,clean,,https://gwanggyo-barun.github.io/patient-education/handouts/endoscopy/post-egd/,https://gwanggyo-barun.github.io/patient-education/output/handouts/post-egd.pdf
P3,handouts,post-polypectomy,용종절제술 후 주의사항,handouts/endoscopy/post-polypectomy/,200,200,1,1,1,2,0,0,0,ok,2026-06-14,clean,,https://gwanggyo-barun.github.io/patient-education/handouts/endoscopy/post-polypectomy/,https://gwanggyo-barun.github.io/patient-education/output/handouts/post-polypectomy.pdf
P3,handouts,chronic-disease-intake,만성질환 초진 설문지,handouts/forms/chronic-disease-intake/,200,200,1,1,1,2,0,0,0,ok,2026-06-14,clean,,https://gwanggyo-barun.github.io/patient-education/handouts/forms/chronic-disease-intake/,https://gwanggyo-barun.github.io/patient-education/output/handouts/chronic-disease-intake.pdf
P3,handouts,diabetes-intake,당뇨병 초진 설문지,handouts/forms/diabetes-intake/,200,200,1,1,1,2,0,0,0,disabled,2026-06-14,clean,,https://gwanggyo-barun.github.io/patient-education/handouts/forms/diabetes-intake/,https://gwanggyo-barun.github.io/patient-education/output/handouts/diabetes-intake.pdf
P3,handouts,glp1-intake,💉 GLP-1 수용체 작용제(마운자로/위고비) 초진 문진표,handouts/forms/glp1-intake/,200,200,1,1,1,2,0,0,0,disabled,2026-06-14,clean,,https://gwanggyo-barun.github.io/patient-education/handouts/forms/glp1-intake/,https://gwanggyo-barun.github.io/patient-education/output/handouts/glp1-intake.pdf
P3,handouts,hypertension-intake,고혈압 초진 설문지,handouts/forms/hypertension-intake/,200,200,1,1,1,2,0,0,0,disabled,2026-06-14,clean,,https://gwanggyo-barun.github.io/patient-education/handouts/forms/hypertension-intake/,https://gwanggyo-barun.github.io/patient-education/output/handouts/hypertension-intake.pdf
P3,handouts,abdominal-pain-appendicitis-red-flags,복통 감별진단: 맹장염을 놓치지 않기,handouts/gi/abdominal-pain-appendicitis-red-flags/,200,200,1,1,1,2,0,0,0,ok,2026-06-14,clean,,https://gwanggyo-barun.github.io/patient-education/handouts/gi/abdominal-pain-appendicitis-red-flags/,https://gwanggyo-barun.github.io/patient-education/output/handouts/abdominal-pain-appendicitis-red-flags.pdf
P3,handouts,gallbladder-polyp-followup,담낭 폴립 추적 안내,handouts/gi/gallbladder-polyp-followup/,200,200,1,1,1,1,0,0,0,ok,2026-06-14,clean,,https://gwanggyo-barun.github.io/patient-education/handouts/gi/gallbladder-polyp-followup/,https://gwanggyo-barun.github.io/patient-education/output/handouts/gallbladder-polyp-followup.pdf
P3,handouts,abdominal-ultrasound-prep,복부초음파 전 준비 안내,handouts/imaging/abdominal-ultrasound-prep/,200,200,1,1,1,3,0,0,0,ok,2026-06-14,clean,,https://gwanggyo-barun.github.io/patient-education/handouts/imaging/abdominal-ultrasound-prep/,https://gwanggyo-barun.github.io/patient-education/output/handouts/abdominal-ultrasound-prep.pdf
P3,handouts,bone-density-prep,골밀도 검사 안내,handouts/imaging/bone-density-prep/,200,200,1,1,1,4,0,0,0,ok,2026-06-14,clean,,https://gwanggyo-barun.github.io/patient-education/handouts/imaging/bone-density-prep/,https://gwanggyo-barun.github.io/patient-education/output/handouts/bone-density-prep.pdf
P3,handouts,bone-density-room-guide,골밀도 검사 진행 안내 (검사실 비치용),handouts/imaging/bone-density-room-guide/,200,200,1,1,1,3,0,0,0,ok,2026-06-14,clean,,https://gwanggyo-barun.github.io/patient-education/handouts/imaging/bone-density-room-guide/,https://gwanggyo-barun.github.io/patient-education/output/handouts/bone-density-room-guide.pdf
P3,handouts,creatine-guide,크레아틴 복용 가이드 — 효과·부작용·복용 주의사항,handouts/lifestyle/creatine-guide/,200,200,2,2,2,4,0,0,0,ok,2026-06-14,clean,,https://gwanggyo-barun.github.io/patient-education/handouts/lifestyle/creatine-guide/,https://gwanggyo-barun.github.io/patient-education/output/handouts/creatine-guide.pdf
P3,handouts,diabetes-diet,당뇨 환자를 위한 식이요법 가이드,handouts/lifestyle/diabetes-diet/,200,200,2,2,2,3,0,0,0,ok,2026-06-14,clean,,https://gwanggyo-barun.github.io/patient-education/handouts/lifestyle/diabetes-diet/,https://gwanggyo-barun.github.io/patient-education/output/handouts/diabetes-diet.pdf
P3,handouts,dyslipidemia-diet-exercise,고지혈증 환자를 위한 식이·운동 가이드,handouts/lifestyle/dyslipidemia-diet-exercise/,200,200,2,2,2,3,0,0,0,ok,2026-06-14,clean,,https://gwanggyo-barun.github.io/patient-education/handouts/lifestyle/dyslipidemia-diet-exercise/,https://gwanggyo-barun.github.io/patient-education/output/handouts/dyslipidemia-diet-exercise.pdf
P3,handouts,dyslipidemia-diet,고지혈증 식단,handouts/lifestyle/dyslipidemia-diet/,200,200,2,2,2,5,0,0,0,ok,2026-06-14,clean,,https://gwanggyo-barun.github.io/patient-education/handouts/lifestyle/dyslipidemia-diet/,https://gwanggyo-barun.github.io/patient-education/output/handouts/dyslipidemia-diet.pdf
P3,handouts,hypertension-low-salt,고혈압 환자를 위한 저염식 가이드,handouts/lifestyle/hypertension-low-salt/,200,200,2,2,2,3,0,0,0,ok,2026-06-14,clean,,https://gwanggyo-barun.github.io/patient-education/handouts/lifestyle/hypertension-low-salt/,https://gwanggyo-barun.github.io/patient-education/output/handouts/hypertension-low-salt.pdf
P3,handouts,ibs-fodmap-diet,과민성장증후군(IBS) 식사 가이드 — 저FODMAP 3단계,handouts/lifestyle/ibs-fodmap-diet/,200,200,2,2,2,6,0,0,0,ok,2026-06-14,clean,,https://gwanggyo-barun.github.io/patient-education/handouts/lifestyle/ibs-fodmap-diet/,https://gwanggyo-barun.github.io/patient-education/output/handouts/ibs-fodmap-diet.pdf
P3,handouts,iron-deficiency-anemia-diet,빈혈 식사 교육,handouts/lifestyle/iron-deficiency-anemia-diet/,200,200,2,2,2,3,0,0,0,ok,2026-06-14,clean,,https://gwanggyo-barun.github.io/patient-education/handouts/lifestyle/iron-deficiency-anemia-diet/,https://gwanggyo-barun.github.io/patient-education/output/handouts/iron-deficiency-anemia-diet.pdf
P3,handouts,hand-eczema-steroid-potency,손 습진 스테로이드 연고 효능 순서 — 역가별 선택·step-down,handouts/medication/hand-eczema-steroid-potency/,200,200,1,1,1,2,0,0,0,ok,2026-06-14,clean,,https://gwanggyo-barun.github.io/patient-education/handouts/medication/hand-eczema-steroid-potency/,https://gwanggyo-barun.github.io/patient-education/output/handouts/hand-eczema-steroid-potency.pdf
P3,handouts,htn-why-start,"💊 고혈압 약, 미루지 말아야 하는 이유 — 합병증 예방·감량 로드맵",handouts/medication/htn-why-start/,200,200,1,1,1,2,0,0,0,ok,2026-06-14,clean,,https://gwanggyo-barun.github.io/patient-education/handouts/medication/htn-why-start/,https://gwanggyo-barun.github.io/patient-education/output/handouts/htn-why-start.pdf
P3,handouts,insulin-start,💉 인슐린 주사 처음 시작하시는 분께 — 보관·소독·부위·회전·용량,handouts/medication/insulin-start/,200,200,1,1,1,4,0,0,0,ok,2026-06-14,clean,,https://gwanggyo-barun.github.io/patient-education/handouts/medication/insulin-start/,https://gwanggyo-barun.github.io/patient-education/output/handouts/insulin-start.pdf
P3,handouts,iron-supplement,💊 철분제 복용 시 주의사항 (흡수 부스터·차단제·복약 가이드),handouts/medication/iron-supplement/,200,200,1,1,1,3,0,0,0,ok,2026-06-14,clean,,https://gwanggyo-barun.github.io/patient-education/handouts/medication/iron-supplement/,https://gwanggyo-barun.github.io/patient-education/output/handouts/iron-supplement.pdf
P3,handouts,nasal-spray-allergic-rhinitis,"💧 알러지 비염 코 스프레이, 이렇게 사용하세요 — 자세·각도·흡입·매일",handouts/medication/nasal-spray-allergic-rhinitis/,200,200,1,1,1,5,0,0,0,ok,2026-06-14,clean,,https://gwanggyo-barun.github.io/patient-education/handouts/medication/nasal-spray-allergic-rhinitis/,https://gwanggyo-barun.github.io/patient-education/output/handouts/nasal-spray-allergic-rhinitis.pdf
P3,handouts,sglt2-precautions,💊 SGLT2 억제제 신규 처방 주의사항 (포시가·자디앙·슈글렛),handouts/medication/sglt2-precautions/,200,200,1,1,1,2,0,0,0,ok,2026-06-14,clean,,https://gwanggyo-barun.github.io/patient-education/handouts/medication/sglt2-precautions/,https://gwanggyo-barun.github.io/patient-education/output/handouts/sglt2-precautions.pdf
P3,handouts,thyroid-hormone-taking,"💊 갑상선 호르몬제 복용법 — 씬지로이드, 씬지록신 공복 복용 안내",handouts/medication/thyroid-hormone-taking/,200,200,1,1,1,2,0,0,0,ok,2026-06-14,clean,,https://gwanggyo-barun.github.io/patient-education/handouts/medication/thyroid-hormone-taking/,https://gwanggyo-barun.github.io/patient-education/output/handouts/thyroid-hormone-taking.pdf
P3,handouts,joint-supplements,"관절 영양제, 도움이 될까요? — 골관절염 환자 안내",handouts/musculoskeletal/joint-supplements/,200,200,1,1,1,2,0,0,0,ok,2026-06-14,clean,,https://gwanggyo-barun.github.io/patient-education/handouts/musculoskeletal/joint-supplements/,https://gwanggyo-barun.github.io/patient-education/output/handouts/joint-supplements.pdf
P3,handouts,migraine,편두통 — 위장 증상에 가려진 진짜 원인 (A4 1장),handouts/neurology/migraine/,200,200,1,1,1,2,0,0,0,ok,2026-06-14,clean,,https://gwanggyo-barun.github.io/patient-education/handouts/neurology/migraine/,https://gwanggyo-barun.github.io/patient-education/output/handouts/migraine.pdf
P3,handouts,cold-return-visit,감기약 복용 중 다시 진료가 필요한 증상,handouts/respiratory/cold-return-visit/,200,200,1,1,1,2,0,0,0,ok,2026-06-14,clean,,https://gwanggyo-barun.github.io/patient-education/handouts/respiratory/cold-return-visit/,https://gwanggyo-barun.github.io/patient-education/output/handouts/cold-return-visit.pdf
P3,handouts,pulmonary-function-test-prep,폐기능 검사(PFT) 안내,handouts/respiratory/pulmonary-function-test-prep/,200,200,1,1,1,2,0,0,0,ok,2026-06-14,clean,,https://gwanggyo-barun.github.io/patient-education/handouts/respiratory/pulmonary-function-test-prep/,https://gwanggyo-barun.github.io/patient-education/output/handouts/pulmonary-function-test-prep.pdf
P3,handouts,egfr-proteinuria,신장기능 eGFR·단백뇨 결과 안내,handouts/results/egfr-proteinuria/,200,200,1,1,1,2,0,0,0,ok,2026-06-14,clean,,https://gwanggyo-barun.github.io/patient-education/handouts/results/egfr-proteinuria/,https://gwanggyo-barun.github.io/patient-education/output/handouts/egfr-proteinuria.pdf
P3,handouts,liver-enzyme-fatty-liver,간수치 상승·지방간 결과 안내,handouts/results/liver-enzyme-fatty-liver/,200,200,1,1,1,2,0,0,0,ok,2026-06-14,clean,,https://gwanggyo-barun.github.io/patient-education/handouts/results/liver-enzyme-fatty-liver/,https://gwanggyo-barun.github.io/patient-education/output/handouts/liver-enzyme-fatty-liver.pdf
P3,handouts,thyroid-function,갑상선 기능검사 결과 안내,handouts/results/thyroid-function/,200,200,1,1,1,2,0,0,0,ok,2026-06-14,clean,,https://gwanggyo-barun.github.io/patient-education/handouts/results/thyroid-function/,https://gwanggyo-barun.github.io/patient-education/output/handouts/thyroid-function.pdf
P3,handouts,blood-draw-aftercare,채혈 후 지혈 안내 (검사실 비치용),handouts/screening/blood-draw-aftercare/,200,200,1,1,1,3,0,0,0,ok,2026-06-14,clean,,https://gwanggyo-barun.github.io/patient-education/handouts/screening/blood-draw-aftercare/,https://gwanggyo-barun.github.io/patient-education/output/handouts/blood-draw-aftercare.pdf
P3,handouts,blood-draw-prep,채혈 전 준비 안내,handouts/screening/blood-draw-prep/,200,200,1,1,1,2,0,0,0,ok,2026-06-14,clean,,https://gwanggyo-barun.github.io/patient-education/handouts/screening/blood-draw-prep/,https://gwanggyo-barun.github.io/patient-education/output/handouts/blood-draw-prep.pdf
P3,handouts,checkup-prep,건강검진 전 준비사항,handouts/screening/checkup-prep/,200,200,1,1,1,2,0,0,0,ok,2026-06-14,clean,,https://gwanggyo-barun.github.io/patient-education/handouts/screening/checkup-prep/,https://gwanggyo-barun.github.io/patient-education/output/handouts/checkup-prep.pdf
P3,handouts,cvd-retinal-screening,AI 망막 심혈관 위험 검사 안내,handouts/screening/cvd-retinal-screening/,200,200,2,2,2,8,0,0,0,ok,2026-06-14,clean,,https://gwanggyo-barun.github.io/patient-education/handouts/screening/cvd-retinal-screening/,https://gwanggyo-barun.github.io/patient-education/output/handouts/cvd-retinal-screening.pdf
P3,handouts,fit-collection,FIT 대변검사 채취 방법,handouts/screening/fit-collection/,200,200,1,1,1,2,0,0,0,ok,2026-06-14,clean,,https://gwanggyo-barun.github.io/patient-education/handouts/screening/fit-collection/,https://gwanggyo-barun.github.io/patient-education/output/handouts/fit-collection.pdf
P3,handouts,fit-positive,대변잠혈검사(FIT) 양성 안내문,handouts/screening/fit-positive/,200,200,1,1,1,2,0,0,0,ok,2026-06-14,clean,,https://gwanggyo-barun.github.io/patient-education/handouts/screening/fit-positive/,https://gwanggyo-barun.github.io/patient-education/output/handouts/fit-positive.pdf
P3,handouts,urine-collection-restroom,소변 검체 받는 방법 (화장실 비치용),handouts/screening/urine-collection-restroom/,200,200,1,1,1,3,0,0,0,ok,2026-06-14,clean,,https://gwanggyo-barun.github.io/patient-education/handouts/screening/urine-collection-restroom/,https://gwanggyo-barun.github.io/patient-education/output/handouts/urine-collection-restroom.pdf
P3,handouts,urine-collection,소변검사 채뇨 안내,handouts/screening/urine-collection/,200,200,1,1,1,2,0,0,0,ok,2026-06-14,clean,,https://gwanggyo-barun.github.io/patient-education/handouts/screening/urine-collection/,https://gwanggyo-barun.github.io/patient-education/output/handouts/urine-collection.pdf
P3,lab-reports,13f629bf11,[lab-report redacted],lab-reports/bone-metabolism/13f629bf11/,200,200,1,1,1,1,0,0,0,legacy-title,2026-05-13,clean,,https://gwanggyo-barun.github.io/patient-education/lab-reports/bone-metabolism/13f629bf11/,https://gwanggyo-barun.github.io/patient-education/output/lab-reports/13f629bf11.pdf
P3,lab-reports,53abb9a8c8,[lab-report redacted],lab-reports/bone-metabolism/53abb9a8c8/,200,200,1,1,1,1,0,0,0,legacy-title,2026-05-13,clean,,https://gwanggyo-barun.github.io/patient-education/lab-reports/bone-metabolism/53abb9a8c8/,https://gwanggyo-barun.github.io/patient-education/output/lab-reports/53abb9a8c8.pdf
P3,lab-reports,19f7fad6a4,[lab-report redacted],lab-reports/comprehensive-summary/19f7fad6a4/,200,200,1,1,1,1,0,0,0,ok,2026-05-13,clean,,https://gwanggyo-barun.github.io/patient-education/lab-reports/comprehensive-summary/19f7fad6a4/,https://gwanggyo-barun.github.io/patient-education/output/lab-reports/19f7fad6a4.pdf
P3,lab-reports,e33c38ae14,[lab-report redacted],lab-reports/comprehensive-summary/e33c38ae14/,200,200,1,1,1,1,0,0,0,legacy-title,2026-05-13,clean,,https://gwanggyo-barun.github.io/patient-education/lab-reports/comprehensive-summary/e33c38ae14/,https://gwanggyo-barun.github.io/patient-education/output/lab-reports/e33c38ae14.pdf
P3,lab-reports,ea087af656,[lab-report redacted],lab-reports/comprehensive-summary/ea087af656/,200,200,1,1,1,1,0,0,0,legacy-title,2026-05-13,clean,,https://gwanggyo-barun.github.io/patient-education/lab-reports/comprehensive-summary/ea087af656/,https://gwanggyo-barun.github.io/patient-education/output/lab-reports/ea087af656.pdf
P3,lab-reports,0883646ddd,[lab-report redacted],lab-reports/cv-screening/0883646ddd/,200,200,1,1,1,1,0,0,0,ok,2026-05-13,clean,,https://gwanggyo-barun.github.io/patient-education/lab-reports/cv-screening/0883646ddd/,https://gwanggyo-barun.github.io/patient-education/output/lab-reports/0883646ddd.pdf
P3,lab-reports,5e3ecd7635,[lab-report redacted],lab-reports/cv-screening/5e3ecd7635/,200,200,1,1,1,1,0,0,0,legacy-title,2026-05-13,clean,,https://gwanggyo-barun.github.io/patient-education/lab-reports/cv-screening/5e3ecd7635/,https://gwanggyo-barun.github.io/patient-education/output/lab-reports/5e3ecd7635.pdf
P3,lab-reports,6560324c10,[lab-report redacted],lab-reports/cv-screening/6560324c10/,200,200,1,1,1,1,0,0,0,legacy-title,2026-05-13,clean,,https://gwanggyo-barun.github.io/patient-education/lab-reports/cv-screening/6560324c10/,https://gwanggyo-barun.github.io/patient-education/output/lab-reports/6560324c10.pdf
P3,lab-reports,8a614fd8f2,[lab-report redacted],lab-reports/cv-screening/8a614fd8f2/,200,200,1,1,1,1,0,0,0,ok,2026-05-13,clean,,https://gwanggyo-barun.github.io/patient-education/lab-reports/cv-screening/8a614fd8f2/,https://gwanggyo-barun.github.io/patient-education/output/lab-reports/8a614fd8f2.pdf
P3,lab-reports,f7aa074e4d,[lab-report redacted],lab-reports/cv-screening/f7aa074e4d/,200,200,1,1,1,1,0,0,0,legacy-title,2026-05-13,clean,,https://gwanggyo-barun.github.io/patient-education/lab-reports/cv-screening/f7aa074e4d/,https://gwanggyo-barun.github.io/patient-education/output/lab-reports/f7aa074e4d.pdf
P3,lab-reports,be7a11579c,[lab-report redacted],lab-reports/diabetes-followup/be7a11579c/,200,200,1,1,1,1,0,0,0,ok,2026-05-27,clean,,https://gwanggyo-barun.github.io/patient-education/lab-reports/diabetes-followup/be7a11579c/,https://gwanggyo-barun.github.io/patient-education/output/lab-reports/be7a11579c.pdf
P3,lab-reports,498a0b31ff,[lab-report redacted],lab-reports/diabetes-screening/498a0b31ff/,200,200,1,1,1,1,0,0,0,legacy-title,2026-05-13,clean,,https://gwanggyo-barun.github.io/patient-education/lab-reports/diabetes-screening/498a0b31ff/,https://gwanggyo-barun.github.io/patient-education/output/lab-reports/498a0b31ff.pdf
P3,lab-reports,771ba246e9,[lab-report redacted],lab-reports/diabetes-screening/771ba246e9/,200,200,1,1,1,1,0,0,0,legacy-title,2026-05-13,clean,,https://gwanggyo-barun.github.io/patient-education/lab-reports/diabetes-screening/771ba246e9/,https://gwanggyo-barun.github.io/patient-education/output/lab-reports/771ba246e9.pdf
P3,lab-reports,842acd69b8,[lab-report redacted],lab-reports/diabetes-screening/842acd69b8/,200,200,1,1,1,1,0,0,0,ok,2026-05-13,clean,,https://gwanggyo-barun.github.io/patient-education/lab-reports/diabetes-screening/842acd69b8/,https://gwanggyo-barun.github.io/patient-education/output/lab-reports/842acd69b8.pdf
P3,lab-reports,a8c908bd6d,[lab-report redacted],lab-reports/diabetes-screening/a8c908bd6d/,200,200,1,1,1,1,0,0,0,legacy-title,2026-05-13,clean,,https://gwanggyo-barun.github.io/patient-education/lab-reports/diabetes-screening/a8c908bd6d/,https://gwanggyo-barun.github.io/patient-education/output/lab-reports/a8c908bd6d.pdf
P3,lab-reports,58c4c71b86,[lab-report redacted],lab-reports/general-checkup/58c4c71b86/,200,200,1,1,1,1,0,0,0,ok,2026-05-13,clean,,https://gwanggyo-barun.github.io/patient-education/lab-reports/general-checkup/58c4c71b86/,https://gwanggyo-barun.github.io/patient-education/output/lab-reports/58c4c71b86.pdf
P3,lab-reports,969f64d2bc,[lab-report redacted],lab-reports/general-checkup/969f64d2bc/,200,200,1,1,1,1,0,0,0,ok,2026-05-13,clean,,https://gwanggyo-barun.github.io/patient-education/lab-reports/general-checkup/969f64d2bc/,https://gwanggyo-barun.github.io/patient-education/output/lab-reports/969f64d2bc.pdf
P3,lab-reports,b461390696,[lab-report redacted],lab-reports/general-checkup/b461390696/,200,200,1,1,1,1,0,0,0,ok,2026-05-13,clean,,https://gwanggyo-barun.github.io/patient-education/lab-reports/general-checkup/b461390696/,https://gwanggyo-barun.github.io/patient-education/output/lab-reports/b461390696.pdf
P3,lab-reports,d160ae37cb,[lab-report redacted],lab-reports/general-checkup/d160ae37cb/,200,200,1,1,1,1,0,0,0,ok,2026-05-18,clean,,https://gwanggyo-barun.github.io/patient-education/lab-reports/general-checkup/d160ae37cb/,https://gwanggyo-barun.github.io/patient-education/output/lab-reports/d160ae37cb.pdf
P3,lab-reports,0d8f6f8adf,[lab-report redacted],lab-reports/health-checkup/0d8f6f8adf/,200,200,2,2,2,2,0,0,0,ok,2026-05-23,clean,,https://gwanggyo-barun.github.io/patient-education/lab-reports/health-checkup/0d8f6f8adf/,https://gwanggyo-barun.github.io/patient-education/output/lab-reports/0d8f6f8adf.pdf
P3,lab-reports,19b619182b,[lab-report redacted],lab-reports/health-checkup/19b619182b/,200,200,1,1,1,1,0,0,0,ok,2026-05-23,clean,,https://gwanggyo-barun.github.io/patient-education/lab-reports/health-checkup/19b619182b/,https://gwanggyo-barun.github.io/patient-education/output/lab-reports/19b619182b.pdf
P3,lab-reports,ca40e9a838,[lab-report redacted],lab-reports/igra-followup/ca40e9a838/,200,200,1,1,1,2,0,0,0,ok,2026-05-27,clean,,https://gwanggyo-barun.github.io/patient-education/lab-reports/igra-followup/ca40e9a838/,https://gwanggyo-barun.github.io/patient-education/output/lab-reports/ca40e9a838.pdf
P3,lab-reports,lipid-panel,[lab-report redacted],lab-reports/lipid-panel/sample/,200,200,1,1,1,1,0,0,0,sample,2026-05-13,clean,,https://gwanggyo-barun.github.io/patient-education/lab-reports/lipid-panel/sample/,https://gwanggyo-barun.github.io/patient-education/output/lab-reports/lipid-panel.pdf
P3,lab-reports,5d03e28e70,[lab-report redacted],lab-reports/urinalysis/5d03e28e70/,200,200,1,1,1,1,0,0,0,legacy-title,2026-05-13,clean,,https://gwanggyo-barun.github.io/patient-education/lab-reports/urinalysis/5d03e28e70/,https://gwanggyo-barun.github.io/patient-education/output/lab-reports/5d03e28e70.pdf
